language,accuracy
bn,0.24866666666666667
de,0.5513333333333333
es,0.604
fr,0.5893333333333334
ja,0.41733333333333333
ru,0.5873333333333334
th,0.46266666666666667
