language,accuracy
bn,0.3273333333333333
de,0.6086666666666667
es,0.6393333333333333
fr,0.624
ja,0.49333333333333335
ru,0.6393333333333333
th,0.5286666666666666
